Age,Attrition,BusinessTravel,DailyRate,Department,DistanceFromHome,Education,EducationField,EnvironmentSatisfaction,Gender,HourlyRate,JobInvolvement,JobLevel,JobRole,JobSatisfaction,MaritalStatus,MonthlyIncome,MonthlyRate,NumCompaniesWorked,OverTime,PercentSalaryHike,PerformanceRating,RelationshipSatisfaction,StockOptionLevel,TotalWorkingYears,TrainingTimesLastYear,WorkLifeBalance,YearsAtCompany,YearsInCurrentRole,YearsSinceLastPromotion,YearsWithCurrManager
42,No,Travel_Rarely,932,Research_Development,1,College,Life_Sciences,Very_High,Female,43,Medium,2,Manufacturing_Director,Very_High,Married,6062,4051,9,Yes,13,Excellent,Very_High,1,8,4,Better,4,3,0,2
33,No,Non-Travel,1283,Sales,2,Bachelor,Marketing,Very_High,Female,62,High,2,Sales_Executive,Medium,Single,5147,10697,8,No,15,Excellent,Very_High,0,13,2,Good,11,7,1,7
36,No,Travel_Rarely,1174,Sales,3,Master,Marketing,Low,Female,99,High,2,Sales_Executive,Medium,Single,9278,20763,3,Yes,16,Excellent,Very_High,0,15,3,Better,5,4,0,1
27,No,Travel_Frequently,472,Research_Development,1,Below_College,Technical_Degree,High,Male,60,Medium,2,Manufacturing_Director,Low,Married,4298,9679,5,No,19,Excellent,High,1,6,1,Better,2,2,2,0
31,Yes,Travel_Frequently,754,Sales,26,Master,Marketing,Low,Male,63,High,2,Sales_Executive,Very_High,Married,5617,21075,1,Yes,11,Excellent,High,0,10,4,Better,10,7,0,8
34,No,Travel_Rarely,1333,Sales,10,Master,Life_Sciences,High,Female,87,High,1,Sales_Representative,High,Married,2220,18410,1,Yes,19,Excellent,Very_High,1,1,2,Better,1,1,0,0
39,No,Travel_Rarely,903,Sales,2,Doctor,Life_Sciences,Low,Male,41,Very_High,3,Sales_Executive,High,Single,7880,2560,0,No,18,Excellent,Very_High,0,9,3,Better,8,7,0,7
39,No,Travel_Frequently,443,Research_Development,8,Below_College,Life_Sciences,High,Female,48,High,1,Laboratory_Technician,High,Married,3755,17872,1,No,11,Excellent,Low,1,8,3,Better,8,3,0,7
42,No,Travel_Frequently,1368,Research_Development,28,Master,Technical_Degree,Very_High,Female,88,Medium,2,Healthcare_Representative,Very_High,Married,4523,4386,0,No,11,Excellent,Very_High,3,7,4,Best,6,5,0,4
36,No,Travel_Rarely,506,Research_Development,3,Bachelor,Technical_Degree,High,Male,30,High,2,Research_Scientist,Medium,Single,4485,26285,4,No,12,Excellent,Very_High,0,10,2,Better,8,0,7,7
41,No,Non-Travel,509,Research_Development,2,Master,Other,Low,Female,62,Medium,2,Healthcare_Representative,High,Single,6811,2112,2,Yes,17,Excellent,Low,0,10,3,Better,8,7,0,7
54,No,Travel_Rarely,685,Research_Development,3,Bachelor,Life_Sciences,Very_High,Male,85,High,4,Research_Director,Very_High,Married,17779,23474,3,No,14,Excellent,Low,0,36,2,Better,10,9,0,9
29,Yes,Travel_Rarely,408,Research_Development,25,Doctor,Technical_Degree,High,Female,71,Medium,1,Research_Scientist,Medium,Married,2546,18300,5,No,16,Excellent,Medium,0,6,2,Best,2,2,1,1
36,No,Travel_Rarely,430,Research_Development,2,Master,Other,Very_High,Female,73,High,2,Research_Scientist,Medium,Married,6962,19573,4,Yes,22,Outstanding,Very_High,1,15,2,Better,1,0,0,0
40,No,Travel_Rarely,543,Research_Development,1,Master,Life_Sciences,Low,Male,83,High,1,Laboratory_Technician,Very_High,Married,2406,4060,8,No,19,Excellent,High,2,8,3,Good,1,0,0,0
42,No,Travel_Rarely,265,Sales,5,College,Marketing,Very_High,Male,90,High,5,Manager,High,Married,18303,7770,6,No,13,Excellent,Medium,0,21,3,Best,1,0,0,0
27,Yes,Travel_Rarely,1420,Sales,2,Below_College,Marketing,High,Male,85,High,1,Sales_Representative,Low,Divorced,3041,16346,0,No,11,Excellent,Medium,1,5,3,Better,4,3,0,2
36,No,Travel_Rarely,559,Research_Development,12,Master,Life_Sciences,High,Female,76,High,2,Manufacturing_Director,High,Married,4663,12421,9,Yes,12,Excellent,Medium,2,7,2,Better,3,2,1,1
30,No,Travel_Rarely,305,Research_Development,16,Bachelor,Life_Sciences,High,Male,58,Very_High,2,Healthcare_Representative,High,Married,5294,9128,3,No,16,Excellent,High,1,10,3,Better,7,0,1,7
25,No,Travel_Rarely,1356,Sales,10,Master,Life_Sciences,High,Male,57,High,2,Sales_Executive,Very_High,Single,4950,20623,0,No,14,Excellent,Medium,0,5,4,Better,4,3,1,1
44,No,Travel_Rarely,136,Research_Development,28,Bachelor,Life_Sciences,Very_High,Male,32,High,4,Research_Director,Low,Married,16328,22074,3,No,13,Excellent,High,1,24,1,Best,20,6,14,17
35,No,Travel_Rarely,1229,Research_Development,8,Below_College,Life_Sciences,Very_High,Male,36,Very_High,1,Laboratory_Technician,Very_High,Married,2269,4892,1,No,19,Excellent,Very_High,0,1,2,Better,1,0,0,1
29,No,Non-Travel,1496,Research_Development,1,Below_College,Technical_Degree,Very_High,Male,41,High,2,Manufacturing_Director,High,Married,4319,26283,1,No,13,Excellent,Low,1,10,1,Better,10,7,0,9
23,No,Travel_Rarely,507,Research_Development,20,Below_College,Life_Sciences,Low,Male,97,High,2,Laboratory_Technician,High,Single,2272,24812,0,No,14,Excellent,Medium,0,5,2,Better,4,3,1,2
42,No,Non-Travel,355,Research_Development,10,Master,Technical_Degree,High,Male,38,High,1,Research_Scientist,High,Married,2936,6161,3,No,22,Outstanding,Medium,2,10,1,Good,6,3,3,3
18,No,Non-Travel,287,Research_Development,5,College,Life_Sciences,Medium,Male,73,High,1,Research_Scientist,Very_High,Single,1051,13493,1,No,15,Excellent,Very_High,0,0,2,Better,0,0,0,0
49,Yes,Travel_Frequently,1475,Research_Development,28,College,Life_Sciences,Low,Male,97,Medium,2,Laboratory_Technician,Low,Single,4284,22710,3,No,20,Outstanding,Low,0,20,2,Better,4,3,1,3
41,No,Travel_Rarely,1206,Sales,23,College,Life_Sciences,Very_High,Male,80,High,3,Sales_Executive,High,Single,7082,11591,3,Yes,16,Excellent,Very_High,0,21,2,Better,2,0,0,2
32,No,Travel_Rarely,529,Research_Development,2,Bachelor,Technical_Degree,Very_High,Male,78,High,1,Research_Scientist,Low,Single,2439,11288,1,No,14,Excellent,Very_High,0,4,4,Better,4,2,1,2
37,No,Travel_Rarely,571,Research_Development,10,Below_College,Life_Sciences,Very_High,Female,82,High,1,Research_Scientist,Low,Divorced,2782,19905,0,Yes,13,Excellent,Medium,2,6,3,Good,5,3,4,3
48,No,Travel_Rarely,969,Research_Development,2,College,Technical_Degree,Very_High,Male,76,Very_High,1,Laboratory_Technician,Medium,Single,2559,16620,5,No,11,Excellent,High,0,7,4,Good,1,0,0,0
40,No,Travel_Frequently,692,Research_Development,11,Bachelor,Technical_Degree,Very_High,Female,73,High,2,Laboratory_Technician,High,Married,6323,26849,1,No,11,Excellent,Low,1,10,2,Best,10,9,9,4
49,No,Travel_Rarely,809,Research_Development,1,Bachelor,Life_Sciences,High,Male,36,High,4,Manager,High,Single,15379,22384,4,No,14,Excellent,Low,0,23,2,Better,8,7,0,0
51,No,Travel_Rarely,942,Research_Development,3,Bachelor,Technical_Degree,Low,Female,53,High,3,Manager,High,Married,13116,22984,2,No,11,Excellent,Very_High,0,15,2,Better,2,2,2,2
53,Yes,Travel_Rarely,1168,Sales,24,Master,Life_Sciences,Low,Male,66,High,3,Sales_Executive,Low,Single,10448,5843,6,Yes,13,Excellent,Medium,0,15,2,Good,2,2,2,2
38,No,Travel_Rarely,362,Research_Development,1,Below_College,Life_Sciences,High,Female,43,High,1,Research_Scientist,Low,Single,2619,14561,3,No,17,Excellent,Very_High,0,8,3,Good,0,0,0,0
34,No,Travel_Rarely,704,Sales,28,Bachelor,Marketing,Very_High,Female,95,Medium,2,Sales_Executive,High,Married,6712,8978,1,No,21,Outstanding,Very_High,2,8,2,Better,8,7,1,7
41,No,Travel_Rarely,167,Research_Development,12,Master,Life_Sciences,Medium,Male,46,High,1,Laboratory_Technician,Very_High,Married,4766,9051,3,Yes,11,Excellent,Low,1,6,4,Better,1,0,0,0
32,No,Non-Travel,300,Research_Development,1,Bachelor,Life_Sciences,Very_High,Male,61,High,1,Laboratory_Technician,Very_High,Divorced,2314,9148,0,No,12,Excellent,Medium,1,4,2,Better,3,0,0,2
30,No,Travel_Rarely,1339,Sales,5,Bachelor,Life_Sciences,Medium,Female,41,High,3,Sales_Executive,Very_High,Married,9419,8053,2,No,12,Excellent,High,1,12,2,Better,10,9,7,4
49,Yes,Travel_Rarely,1184,Sales,11,Bachelor,Marketing,High,Female,43,High,3,Sales_Executive,Very_High,Married,7654,5860,1,No,18,Excellent,Low,2,9,3,Best,9,8,7,7
31,No,Travel_Frequently,1125,Research_Development,1,Bachelor,Life_Sciences,Very_High,Male,48,Low,2,Research_Scientist,Low,Married,5003,5771,1,No,21,Outstanding,Medium,0,10,6,Better,10,8,8,7
50,Yes,Travel_Frequently,959,Sales,1,Master,Other,Very_High,Male,81,High,2,Sales_Executive,High,Single,4728,17251,3,Yes,14,Excellent,Very_High,0,5,4,Better,0,0,0,0
53,No,Travel_Frequently,124,Sales,2,Bachelor,Marketing,High,Female,38,Medium,3,Sales_Executive,Medium,Married,7525,23537,2,No,12,Excellent,Low,1,30,2,Better,15,7,6,12
34,No,Travel_Rarely,1400,Sales,9,Below_College,Life_Sciences,Medium,Female,70,High,2,Sales_Executive,High,Married,5714,5829,1,No,20,Outstanding,Low,0,6,3,Good,6,5,1,3
27,No,Travel_Frequently,1131,Research_Development,15,Bachelor,Life_Sciences,Very_High,Female,77,Medium,1,Research_Scientist,Low,Married,4774,23844,0,No,19,Excellent,Very_High,1,8,2,Good,7,6,7,3
25,No,Travel_Rarely,810,Sales,8,Bachelor,Life_Sciences,Very_High,Male,57,Very_High,2,Sales_Executive,Medium,Married,4851,15678,0,No,22,Outstanding,High,1,4,4,Better,3,2,1,2
30,No,Travel_Rarely,853,Research_Development,7,Master,Life_Sciences,High,Male,49,High,2,Laboratory_Technician,High,Divorced,3491,11309,1,No,13,Excellent,Low,3,10,4,Good,10,7,8,9
38,No,Travel_Rarely,1380,Research_Development,9,College,Life_Sciences,High,Female,75,High,1,Laboratory_Technician,Very_High,Single,2288,6319,1,No,12,Excellent,High,0,2,3,Better,2,2,2,1
44,No,Travel_Rarely,1488,Sales,1,Doctor,Marketing,Medium,Female,75,High,2,Sales_Executive,Low,Divorced,5454,4009,5,Yes,21,Outstanding,High,1,9,2,Good,4,3,1,3
31,Yes,Travel_Rarely,202,Research_Development,8,Bachelor,Life_Sciences,Low,Female,34,Medium,1,Research_Scientist,Medium,Single,1261,22262,1,No,12,Excellent,High,0,1,3,Best,1,0,0,0
38,No,Travel_Rarely,770,Sales,10,Master,Marketing,High,Male,73,Medium,3,Sales_Executive,High,Divorced,8740,5569,0,Yes,14,Excellent,Medium,2,9,2,Better,8,7,2,7
47,Yes,Travel_Frequently,719,Sales,27,College,Life_Sciences,Medium,Female,77,Very_High,2,Sales_Executive,High,Single,6397,10339,4,Yes,12,Excellent,Very_High,0,8,2,Better,5,4,1,3
24,No,Travel_Rarely,1371,Sales,10,Master,Marketing,Very_High,Female,77,High,2,Sales_Executive,High,Divorced,4260,5915,1,Yes,12,Excellent,Very_High,1,5,2,Best,5,2,0,3
38,No,Travel_Rarely,849,Research_Development,25,College,Life_Sciences,Low,Female,81,Medium,3,Research_Director,Medium,Married,12061,26707,3,No,17,Excellent,High,1,19,2,Better,10,8,0,1
26,No,Travel_Frequently,575,Research_Development,1,College,Life_Sciences,Low,Female,71,Low,1,Laboratory_Technician,Very_High,Divorced,4364,5288,3,No,14,Excellent,Low,1,5,2,Better,2,2,2,0
28,Yes,Travel_Rarely,1434,Research_Development,5,Master,Technical_Degree,High,Male,50,High,1,Laboratory_Technician,High,Single,3441,11179,1,Yes,13,Excellent,High,0,2,3,Good,2,2,2,2
50,No,Non-Travel,881,Research_Development,2,Master,Life_Sciences,Low,Male,98,High,4,Manager,Low,Divorced,17924,4544,1,No,11,Excellent,Very_High,1,31,3,Better,31,6,14,7
23,Yes,Travel_Rarely,427,Sales,7,Bachelor,Life_Sciences,High,Male,99,High,1,Sales_Representative,Very_High,Divorced,2275,25103,1,Yes,21,Outstanding,Medium,1,3,2,Better,3,2,0,2
52,No,Travel_Rarely,1325,Research_Development,11,Master,Life_Sciences,Very_High,Female,82,High,2,Laboratory_Technician,High,Married,3149,21821,8,No,20,Outstanding,Medium,1,9,3,Better,5,2,1,4
57,No,Travel_Rarely,210,Sales,29,Bachelor,Marketing,Low,Male,56,Medium,4,Manager,Very_High,Divorced,14118,22102,3,No,12,Excellent,High,1,32,3,Good,1,0,0,0
52,No,Travel_Rarely,258,Research_Development,8,Master,Other,High,Female,54,High,1,Laboratory_Technician,Low,Married,2950,17363,9,No,13,Excellent,High,0,12,2,Bad,5,4,0,4
33,No,Travel_Rarely,654,Research_Development,5,Bachelor,Life_Sciences,Very_High,Male,34,Medium,3,Healthcare_Representative,Very_High,Divorced,7119,21214,4,No,15,Excellent,High,1,9,2,Better,3,2,1,2
34,No,Travel_Rarely,943,Research_Development,9,Bachelor,Life_Sciences,Very_High,Male,86,High,3,Healthcare_Representative,Very_High,Divorced,8500,5494,0,No,11,Excellent,Very_High,1,10,0,Good,9,7,1,6
37,No,Travel_Rarely,1115,Research_Development,1,Master,Life_Sciences,Low,Male,51,Medium,2,Manufacturing_Director,High,Divorced,5993,2689,1,No,18,Excellent,High,1,7,2,Best,7,5,0,7
38,No,Travel_Frequently,471,Research_Development,12,Bachelor,Life_Sciences,Low,Male,45,Medium,2,Healthcare_Representative,Low,Divorced,6288,4284,2,No,15,Excellent,High,1,13,3,Good,4,3,1,2
46,No,Travel_Rarely,705,Sales,2,Master,Marketing,Medium,Female,83,High,5,Manager,Low,Single,18947,22822,3,No,12,Excellent,Very_High,0,22,2,Good,2,2,2,1
55,No,Travel_Rarely,1229,Research_Development,4,Master,Life_Sciences,Very_High,Male,30,High,2,Healthcare_Representative,High,Married,4035,16143,0,Yes,16,Excellent,Medium,0,4,2,Better,3,2,1,2
35,No,Travel_Rarely,1402,Sales,28,Master,Life_Sciences,Medium,Female,98,Medium,1,Sales_Representative,High,Married,2430,26204,0,No,23,Outstanding,Low,2,6,5,Better,5,3,4,2
36,No,Travel_Frequently,566,Research_Development,18,Master,Life_Sciences,High,Male,81,Very_High,1,Laboratory_Technician,Very_High,Married,3688,7122,4,No,18,Excellent,Very_High,2,4,2,Better,1,0,0,0
34,No,Travel_Rarely,167,Research_Development,8,Doctor,Life_Sciences,Medium,Female,32,High,2,Manufacturing_Director,Low,Divorced,5121,4187,3,No,14,Excellent,High,1,7,3,Better,0,0,0,0
52,Yes,Travel_Rarely,266,Sales,2,Below_College,Marketing,Low,Female,57,Low,5,Manager,Very_High,Married,19845,25846,1,No,15,Excellent,Very_High,1,33,3,Better,32,14,6,9
32,No,Travel_Frequently,967,Sales,8,Bachelor,Marketing,Medium,Female,43,High,3,Sales_Executive,Very_High,Single,8998,15589,1,No,14,Excellent,Very_High,0,9,2,Better,9,8,3,7
31,No,Travel_Rarely,1154,Sales,2,College,Life_Sciences,Low,Male,54,High,1,Sales_Representative,High,Married,3067,6393,0,No,19,Excellent,High,1,3,1,Better,2,2,1,2
40,No,Travel_Rarely,118,Sales,14,College,Life_Sciences,Very_High,Female,84,High,2,Sales_Executive,Low,Married,4639,11262,1,No,15,Excellent,High,1,5,2,Better,5,4,1,2
27,No,Travel_Rarely,1055,Research_Development,2,Master,Life_Sciences,Low,Female,47,High,2,Manufacturing_Director,Very_High,Married,4227,4658,0,No,18,Excellent,Medium,1,4,2,Better,3,2,2,2
33,Yes,Travel_Rarely,211,Sales,16,Bachelor,Life_Sciences,Low,Female,74,High,3,Sales_Executive,Low,Single,8564,10092,2,Yes,20,Outstanding,High,0,11,2,Good,0,0,0,0
34,No,Travel_Rarely,131,Sales,2,Bachelor,Marketing,High,Female,86,High,2,Sales_Executive,Low,Single,4538,6039,0,Yes,12,Excellent,Very_High,0,4,3,Better,3,2,0,2
46,No,Travel_Rarely,168,Sales,4,College,Marketing,Very_High,Female,33,Medium,5,Manager,Medium,Married,18789,9946,2,No,14,Excellent,High,1,26,2,Better,11,4,0,8
43,Yes,Travel_Frequently,807,Research_Development,17,Bachelor,Technical_Degree,High,Male,38,Medium,1,Research_Scientist,High,Married,2437,15587,9,Yes,16,Excellent,Very_High,1,6,4,Better,1,0,0,0
29,No,Travel_Frequently,1404,Sales,20,Bachelor,Technical_Degree,High,Female,84,High,1,Sales_Representative,Very_High,Married,2157,18203,1,No,15,Excellent,Medium,1,3,5,Better,3,1,0,2
28,No,Travel_Rarely,857,Research_Development,10,Bachelor,Other,High,Female,59,High,2,Research_Scientist,High,Single,3660,7909,3,No,13,Excellent,Very_High,0,10,4,Best,8,7,1,7
55,No,Travel_Rarely,1441,Research_Development,22,Bachelor,Technical_Degree,Low,Male,94,Medium,1,Research_Scientist,Medium,Divorced,3537,23737,5,No,12,Excellent,Very_High,1,8,1,Better,4,2,1,2
39,No,Non-Travel,105,Research_Development,9,Bachelor,Life_Sciences,Very_High,Male,87,High,5,Manager,Very_High,Single,19431,15302,2,No,13,Excellent,High,0,21,3,Good,6,0,1,3
35,No,Travel_Rarely,1315,Research_Development,22,Bachelor,Life_Sciences,Medium,Female,71,Very_High,3,Manager,Medium,Divorced,11996,19100,7,No,18,Excellent,Medium,1,10,6,Good,7,7,6,2
29,No,Travel_Frequently,806,Research_Development,1,Master,Life_Sciences,Medium,Male,76,Low,1,Research_Scientist,Very_High,Divorced,2720,18959,1,No,18,Excellent,Very_High,1,10,5,Better,10,7,2,8
50,No,Travel_Rarely,813,Research_Development,17,Doctor,Life_Sciences,Very_High,Female,50,Medium,3,Research_Director,Low,Divorced,13269,21981,5,No,15,Excellent,High,3,19,3,Better,14,11,1,11
41,No,Travel_Rarely,465,Research_Development,14,Bachelor,Life_Sciences,Low,Male,56,High,1,Research_Scientist,High,Divorced,2451,4609,4,No,12,Excellent,Low,1,13,2,Better,9,8,1,8
51,No,Travel_Rarely,684,Research_Development,6,Bachelor,Life_Sciences,Low,Male,51,High,5,Research_Director,High,Single,19537,6462,7,No,13,Excellent,High,0,23,5,Better,20,18,15,15
38,No,Travel_Rarely,723,Sales,2,Master,Marketing,Medium,Female,77,Low,2,Sales_Representative,Very_High,Married,5405,4244,2,Yes,20,Outstanding,Low,2,20,4,Good,4,2,0,3
35,No,Travel_Rarely,464,Research_Development,4,College,Other,High,Male,75,High,1,Laboratory_Technician,Very_High,Divorced,1951,10910,1,No,12,Excellent,High,1,1,3,Better,1,0,0,0
54,No,Travel_Rarely,1147,Sales,3,Bachelor,Marketing,Very_High,Female,52,High,2,Sales_Executive,Low,Married,5940,17011,2,No,14,Excellent,Very_High,1,16,4,Better,6,2,0,5
37,No,Travel_Rarely,1107,Research_Development,14,Bachelor,Life_Sciences,Very_High,Female,95,High,1,Laboratory_Technician,Low,Divorced,3034,26914,1,No,12,Excellent,High,1,18,2,Good,18,7,12,17
34,No,Travel_Rarely,1440,Sales,7,College,Technical_Degree,Medium,Male,55,High,1,Sales_Representative,High,Married,2308,4944,0,Yes,25,Outstanding,Medium,1,12,4,Better,11,10,5,7
35,No,Travel_Rarely,735,Research_Development,6,Below_College,Life_Sciences,High,Male,66,High,1,Research_Scientist,High,Married,3506,6020,0,Yes,14,Excellent,Very_High,0,4,3,Better,3,2,2,2
31,No,Travel_Rarely,688,Sales,7,Bachelor,Life_Sciences,High,Male,44,Medium,3,Manager,Very_High,Divorced,11557,25291,9,No,21,Outstanding,High,1,10,3,Good,5,4,0,1
36,No,Non-Travel,217,Research_Development,18,Master,Life_Sciences,Low,Male,78,High,2,Manufacturing_Director,Very_High,Single,7779,23238,2,No,20,Outstanding,Low,0,18,0,Better,11,9,0,9
35,No,Travel_Rarely,528,Human_Resources,8,Master,Technical_Degree,High,Male,100,High,1,Human_Resources,High,Single,4323,7108,1,No,17,Excellent,Medium,0,6,2,Bad,5,4,1,4
28,No,Travel_Rarely,736,Sales,26,Bachelor,Life_Sciences,High,Male,48,Medium,2,Sales_Executive,Low,Married,4724,24232,1,No,11,Excellent,High,1,5,0,Better,5,3,0,4
46,No,Travel_Rarely,1125,Sales,10,Bachelor,Marketing,High,Female,94,Medium,3,Sales_Executive,Very_High,Married,9071,11563,2,Yes,19,Excellent,High,1,15,3,Better,3,2,1,2
21,Yes,Travel_Frequently,251,Research_Development,10,College,Life_Sciences,Low,Female,45,Medium,1,Laboratory_Technician,High,Single,2625,25308,1,No,20,Outstanding,High,0,2,2,Bad,2,2,2,2
59,No,Travel_Rarely,142,Research_Development,3,Bachelor,Life_Sciences,High,Male,70,Medium,1,Research_Scientist,Very_High,Married,2177,8456,3,No,17,Excellent,Low,1,7,6,Better,1,0,0,0
34,No,Travel_Rarely,204,Sales,14,Bachelor,Technical_Degree,High,Female,31,High,1,Sales_Representative,High,Divorced,2579,2912,1,Yes,18,Excellent,Very_High,2,8,3,Better,8,2,0,6
30,No,Travel_Rarely,153,Research_Development,8,College,Life_Sciences,Medium,Female,73,Very_High,3,Research_Director,Low,Married,11416,17802,0,Yes,12,Excellent,High,3,9,4,Good,8,7,1,7
37,No,Travel_Rarely,1239,Human_Resources,8,College,Other,High,Male,89,High,2,Human_Resources,Medium,Divorced,4071,12832,2,No,13,Excellent,High,0,19,4,Good,10,0,4,7
31,No,Travel_Rarely,196,Sales,29,Master,Marketing,Low,Female,91,Medium,2,Sales_Executive,Very_High,Married,5468,13402,1,No,14,Excellent,Low,2,13,3,Better,12,7,5,7
46,No,Travel_Rarely,991,Human_Resources,1,College,Life_Sciences,Very_High,Female,44,High,1,Human_Resources,Low,Single,3423,22957,6,No,12,Excellent,High,0,10,3,Best,7,6,5,7
38,No,Travel_Rarely,1035,Sales,3,Master,Life_Sciences,Medium,Male,42,High,2,Sales_Executive,Very_High,Single,6861,4981,8,Yes,12,Excellent,High,0,19,1,Better,1,0,0,0
28,No,Travel_Rarely,1181,Research_Development,1,Bachelor,Life_Sciences,High,Male,82,High,1,Research_Scientist,Very_High,Married,2044,5531,1,No,11,Excellent,High,1,5,6,Best,5,3,0,3
45,No,Travel_Rarely,1005,Research_Development,28,College,Technical_Degree,Very_High,Female,48,Medium,4,Research_Director,Medium,Single,16704,17119,1,No,11,Excellent,High,0,21,2,Better,21,6,8,6
34,No,Travel_Frequently,648,Human_Resources,11,Bachelor,Life_Sciences,High,Male,56,Medium,2,Human_Resources,Medium,Married,4490,21833,4,No,11,Excellent,Very_High,2,14,5,Best,10,9,1,8
41,Yes,Non-Travel,906,Research_Development,5,College,Life_Sciences,Low,Male,95,Medium,1,Research_Scientist,Low,Divorced,2107,20293,6,No,17,Excellent,Low,1,5,2,Bad,1,0,0,0
48,No,Travel_Rarely,1355,Research_Development,4,Master,Life_Sciences,High,Male,78,Medium,3,Healthcare_Representative,High,Single,10999,22245,7,No,14,Excellent,Medium,0,27,3,Better,15,11,4,8
45,No,Travel_Rarely,950,Research_Development,28,Bachelor,Technical_Degree,Very_High,Male,97,High,1,Research_Scientist,Very_High,Married,2132,4585,4,No,20,Outstanding,Very_High,1,8,3,Better,5,4,0,3
45,No,Travel_Rarely,194,Research_Development,9,Bachelor,Life_Sciences,Medium,Male,60,High,2,Laboratory_Technician,Medium,Divorced,2348,10901,8,No,18,Excellent,High,1,20,2,Bad,17,9,0,15
26,No,Travel_Rarely,703,Sales,28,College,Marketing,Low,Male,66,High,2,Sales_Executive,Medium,Married,6272,7428,1,No,20,Outstanding,Very_High,2,6,5,Best,5,3,1,4
59,No,Travel_Frequently,1225,Sales,1,Below_College,Life_Sciences,Low,Female,57,Medium,2,Sales_Executive,High,Single,5473,24668,7,No,11,Excellent,Very_High,0,20,2,Good,4,3,1,3
48,No,Travel_Rarely,1224,Research_Development,10,Bachelor,Life_Sciences,Very_High,Male,91,Medium,5,Research_Director,Medium,Married,19665,13583,4,No,12,Excellent,Very_High,0,29,3,Better,22,10,12,9
35,No,Travel_Rarely,1276,Research_Development,16,Bachelor,Life_Sciences,Very_High,Male,72,High,3,Healthcare_Representative,High,Married,7632,14295,4,Yes,12,Excellent,High,0,10,2,Better,8,7,0,0
48,No,Travel_Rarely,855,Research_Development,4,Bachelor,Life_Sciences,Very_High,Male,54,High,3,Manufacturing_Director,Very_High,Single,7898,18706,1,No,11,Excellent,High,0,11,2,Better,10,9,0,8
50,Yes,Travel_Rarely,410,Sales,28,Bachelor,Marketing,Very_High,Male,39,Medium,3,Sales_Executive,Low,Divorced,10854,16586,4,Yes,13,Excellent,Medium,1,20,3,Better,3,2,2,0
44,No,Travel_Rarely,921,Research_Development,2,Bachelor,Life_Sciences,High,Female,96,Very_High,3,Healthcare_Representative,Very_High,Married,7879,14810,1,Yes,19,Excellent,Medium,1,9,2,Better,8,7,6,7
60,No,Travel_Frequently,1499,Sales,28,Bachelor,Marketing,High,Female,80,Medium,3,Sales_Executive,Low,Married,10266,2845,4,No,19,Excellent,Very_High,0,22,5,Best,18,13,13,11
37,No,Travel_Frequently,663,Research_Development,11,Bachelor,Other,Medium,Male,47,High,3,Research_Director,Very_High,Divorced,12185,10056,1,Yes,14,Excellent,High,3,10,1,Better,10,8,0,7
36,No,Travel_Rarely,1425,Research_Development,14,Below_College,Life_Sciences,High,Male,68,High,2,Healthcare_Representative,Very_High,Married,6586,4821,0,Yes,17,Excellent,Low,1,17,2,Good,16,8,4,11
54,No,Travel_Rarely,548,Research_Development,8,Master,Life_Sciences,High,Female,42,High,2,Laboratory_Technician,High,Single,3780,23428,7,No,11,Excellent,High,0,19,3,Better,1,0,0,0
31,No,Travel_Rarely,182,Research_Development,8,Doctor,Life_Sciences,Low,Female,93,High,4,Research_Director,Medium,Single,16422,8847,3,No,11,Excellent,High,0,9,3,Best,3,2,1,0
36,No,Travel_Rarely,1223,Research_Development,8,Bachelor,Technical_Degree,High,Female,59,High,3,Healthcare_Representative,High,Divorced,10096,8202,1,No,13,Excellent,Medium,3,17,2,Better,17,14,12,8
36,Yes,Travel_Rarely,885,Research_Development,16,Master,Life_Sciences,High,Female,43,Very_High,1,Laboratory_Technician,Low,Single,2743,8269,1,No,16,Excellent,High,0,18,1,Better,17,13,15,14
29,No,Travel_Rarely,1246,Sales,19,Bachelor,Life_Sciences,High,Male,77,Medium,2,Sales_Executive,High,Divorced,8620,23757,1,No,14,Excellent,High,2,10,3,Better,10,7,0,4
37,No,Travel_Rarely,124,Research_Development,3,Bachelor,Other,Very_High,Female,35,High,2,Healthcare_Representative,Medium,Single,4107,13848,3,No,15,Excellent,Low,0,8,3,Good,4,3,0,1
55,No,Travel_Rarely,1117,Sales,18,Doctor,Life_Sciences,Low,Female,83,High,4,Manager,Medium,Single,16835,9873,3,No,23,Outstanding,Very_High,0,37,2,Better,10,9,7,7
52,No,Travel_Rarely,994,Research_Development,7,Master,Life_Sciences,Medium,Male,87,High,3,Healthcare_Representative,Medium,Single,10445,15322,7,No,19,Excellent,Very_High,0,18,4,Better,8,6,4,0
34,No,Travel_Rarely,401,Research_Development,1,Bachelor,Life_Sciences,Very_High,Female,86,Medium,1,Laboratory_Technician,Medium,Married,3294,3708,5,No,17,Excellent,Low,1,7,2,Good,5,4,0,2
27,No,Non-Travel,210,Sales,1,Below_College,Marketing,High,Male,73,High,2,Sales_Executive,Medium,Married,6349,22107,0,Yes,13,Excellent,Very_High,1,6,0,Better,5,4,1,4
35,No,Travel_Rarely,219,Research_Development,16,College,Other,Very_High,Female,44,Medium,2,Manufacturing_Director,Medium,Married,4788,25388,0,Yes,11,Excellent,Very_High,0,4,2,Better,3,2,0,2
42,No,Travel_Frequently,288,Research_Development,2,Bachelor,Life_Sciences,Very_High,Male,40,High,3,Healthcare_Representative,Very_High,Married,10124,18611,2,Yes,14,Excellent,High,1,24,3,Bad,20,8,13,9
35,No,Travel_Rarely,1017,Research_Development,6,Master,Life_Sciences,Medium,Male,82,Low,2,Research_Scientist,Very_High,Single,6646,19368,1,No,13,Excellent,Medium,0,17,3,Better,17,11,11,8
48,No,Travel_Rarely,817,Sales,2,Below_College,Marketing,Medium,Male,56,Very_High,2,Sales_Executive,Medium,Married,8120,18597,3,No,12,Excellent,Very_High,0,12,3,Better,2,2,2,2
26,No,Travel_Rarely,652,Research_Development,7,Bachelor,Other,High,Male,100,Very_High,1,Laboratory_Technician,Low,Single,3578,23577,0,No,12,Excellent,Very_High,0,8,2,Better,7,7,0,7
35,No,Travel_Frequently,853,Sales,18,Doctor,Life_Sciences,Medium,Male,71,High,3,Sales_Executive,Low,Married,9069,11031,1,No,22,Outstanding,Very_High,1,9,3,Good,9,8,1,8
41,Yes,Travel_Rarely,1102,Sales,1,College,Life_Sciences,Medium,Female,94,High,2,Sales_Executive,Very_High,Single,5993,19479,8,Yes,11,Excellent,Low,0,8,0,Bad,6,4,0,5
43,No,Travel_Rarely,574,Research_Development,11,Bachelor,Life_Sciences,Low,Male,30,High,3,Healthcare_Representative,High,Married,7510,16873,1,No,17,Excellent,Medium,1,10,1,Better,10,9,0,9
40,No,Travel_Rarely,107,Sales,10,Bachelor,Technical_Degree,Medium,Female,84,Medium,2,Sales_Executive,Medium,Divorced,6852,11591,7,No,12,Excellent,Medium,1,7,2,Best,5,1,1,3
43,No,Travel_Rarely,1291,Research_Development,15,College,Life_Sciences,High,Male,65,Medium,4,Research_Director,High,Married,17603,3525,1,No,24,Outstanding,Low,1,14,3,Better,14,10,6,11
30,No,Travel_Rarely,1138,Research_Development,6,Bachelor,Technical_Degree,Low,Female,48,Medium,2,Laboratory_Technician,Very_High,Married,4627,23631,0,No,12,Excellent,Low,1,10,6,Better,9,2,6,7
40,No,Travel_Rarely,1171,Research_Development,10,Master,Life_Sciences,Very_High,Female,46,Very_High,1,Laboratory_Technician,High,Married,2213,22495,3,Yes,13,Excellent,High,1,10,3,Better,7,7,1,7
22,Yes,Travel_Frequently,1368,Research_Development,4,Below_College,Technical_Degree,High,Male,99,Medium,1,Laboratory_Technician,High,Single,3894,9129,5,No,16,Excellent,High,0,4,3,Better,2,2,1,2
22,Yes,Travel_Frequently,1256,Research_Development,3,Master,Life_Sciences,High,Male,48,Medium,1,Research_Scientist,Very_High,Married,2853,4223,0,Yes,11,Excellent,Medium,1,1,5,Better,0,0,0,0
35,No,Non-Travel,1225,Research_Development,2,Master,Life_Sciences,Very_High,Female,61,High,2,Healthcare_Representative,Low,Divorced,5093,4761,2,No,11,Excellent,Low,1,16,2,Best,1,0,0,0
35,No,Travel_Rarely,1137,Research_Development,21,Below_College,Life_Sciences,Very_High,Female,51,High,2,Healthcare_Representative,Very_High,Married,4014,19170,1,Yes,25,Outstanding,Very_High,1,10,2,Bad,10,6,0,7
26,No,Travel_Rarely,841,Research_Development,6,Bachelor,Other,High,Female,46,Medium,1,Research_Scientist,Medium,Married,2368,23300,1,No,19,Excellent,High,0,5,3,Good,5,4,4,3
35,Yes,Travel_Rarely,622,Research_Development,14,Master,Other,High,Male,39,Medium,1,Laboratory_Technician,Medium,Divorced,3743,10074,1,Yes,24,Outstanding,Very_High,1,5,2,Bad,4,2,0,2
48,No,Travel_Rarely,1236,Research_Development,1,Master,Life_Sciences,Very_High,Female,40,Medium,4,Manager,Low,Married,15402,17997,7,No,11,Excellent,Low,1,21,3,Bad,3,2,0,2
36,No,Travel_Rarely,429,Research_Development,2,Master,Life_Sciences,High,Female,53,High,2,Manufacturing_Director,Medium,Single,5410,2323,9,Yes,11,Excellent,Very_High,0,18,2,Better,16,14,5,12
47,No,Travel_Rarely,703,Sales,14,Master,Marketing,Very_High,Male,42,High,2,Sales_Executive,Low,Single,4960,11825,2,No,12,Excellent,Very_High,0,20,2,Better,7,7,1,7
40,No,Travel_Rarely,369,Research_Development,8,College,Life_Sciences,Medium,Female,92,High,2,Manufacturing_Director,Low,Married,6516,5041,2,Yes,16,Excellent,Medium,1,18,3,Better,1,0,0,0
41,No,Travel_Rarely,918,Sales,6,Bachelor,Marketing,Very_High,Male,35,High,3,Sales_Executive,High,Single,9241,15869,1,No,12,Excellent,Medium,0,10,3,Better,10,8,8,7
36,No,Travel_Frequently,1195,Research_Development,11,Bachelor,Life_Sciences,Medium,Male,95,Medium,2,Manufacturing_Director,Medium,Single,6499,22656,1,No,13,Excellent,High,0,6,3,Better,6,5,0,3
28,Yes,Travel_Rarely,654,Research_Development,1,College,Life_Sciences,Low,Female,67,Low,1,Research_Scientist,Medium,Single,2216,3872,7,Yes,13,Excellent,Very_High,0,10,4,Better,7,7,3,7
41,No,Travel_Rarely,447,Research_Development,5,Bachelor,Life_Sciences,Medium,Male,85,Very_High,2,Healthcare_Representative,Medium,Single,6870,15530,3,No,12,Excellent,Low,0,11,3,Bad,3,2,1,2
28,No,Travel_Rarely,304,Sales,9,Master,Life_Sciences,Medium,Male,92,High,2,Sales_Executive,Very_High,Single,5253,20750,1,No,16,Excellent,Very_High,0,7,1,Better,7,5,0,7
43,No,Travel_Rarely,177,Research_Development,8,Bachelor,Life_Sciences,Low,Female,55,High,2,Manufacturing_Director,Medium,Divorced,4765,23814,4,No,21,Outstanding,High,1,4,2,Best,1,0,0,0
38,No,Travel_Rarely,437,Sales,16,Bachelor,Life_Sciences,Medium,Female,90,High,2,Sales_Executive,Medium,Single,4198,16379,2,No,12,Excellent,Medium,0,8,5,Best,3,2,1,2
55,No,Travel_Rarely,1311,Research_Development,2,Bachelor,Life_Sciences,High,Female,97,High,4,Manager,Very_High,Single,16659,23258,2,Yes,13,Excellent,High,0,30,2,Better,5,4,1,2
53,Yes,Travel_Rarely,607,Research_Development,2,Doctor,Technical_Degree,High,Female,78,Medium,3,Manufacturing_Director,Very_High,Married,10169,14618,0,No,16,Excellent,Medium,1,34,4,Better,33,7,1,9
29,No,Travel_Rarely,738,Research_Development,9,Doctor,Other,Medium,Male,30,Medium,1,Laboratory_Technician,Very_High,Single,3983,7621,0,No,17,Excellent,High,0,4,2,Better,3,2,2,2
27,No,Travel_Frequently,1242,Sales,20,Bachelor,Life_Sciences,Very_High,Female,90,High,2,Sales_Executive,High,Single,9981,12916,1,No,14,Excellent,Very_High,0,7,2,Better,7,7,0,7
22,No,Travel_Rarely,581,Research_Development,1,College,Life_Sciences,Very_High,Male,63,High,1,Research_Scientist,High,Single,3375,17624,0,No,12,Excellent,Very_High,0,4,2,Best,3,2,1,2
42,No,Non-Travel,335,Research_Development,23,College,Life_Sciences,Very_High,Male,37,Medium,2,Research_Scientist,High,Single,4332,14811,1,No,12,Excellent,Very_High,0,20,2,Better,20,9,3,7
36,No,Non-Travel,1434,Sales,8,Master,Life_Sciences,Low,Male,76,Medium,3,Sales_Executive,Low,Single,7587,14229,1,No,15,Excellent,Medium,0,10,1,Better,10,7,0,9
28,No,Travel_Rarely,760,Sales,2,Master,Marketing,Medium,Female,81,High,2,Sales_Executive,Medium,Married,4779,3698,1,Yes,20,Outstanding,Low,0,8,2,Better,8,7,7,5
43,No,Non-Travel,343,Research_Development,9,Bachelor,Life_Sciences,Low,Male,52,High,1,Research_Scientist,High,Single,2438,24978,4,No,13,Excellent,High,0,7,2,Good,3,2,1,2
43,Yes,Travel_Rarely,1372,Sales,9,Bachelor,Marketing,Low,Female,85,Low,2,Sales_Executive,High,Single,5346,9489,8,No,13,Excellent,Medium,0,7,2,Good,4,3,1,3
58,Yes,Travel_Rarely,289,Research_Development,2,Bachelor,Technical_Degree,Very_High,Male,51,High,1,Research_Scientist,High,Single,2479,26227,4,No,24,Outstanding,Low,0,7,4,Better,1,0,0,0
40,No,Travel_Frequently,580,Sales,5,Master,Life_Sciences,Very_High,Male,48,Medium,3,Sales_Executive,Low,Married,10475,23772,5,Yes,21,Outstanding,High,1,20,2,Better,18,13,1,12
49,No,Non-Travel,1002,Research_Development,18,Master,Life_Sciences,Very_High,Male,92,High,2,Manufacturing_Director,Very_High,Divorced,6804,23793,1,Yes,15,Excellent,Low,2,7,0,Better,7,7,1,7
51,No,Travel_Rarely,632,Sales,21,Master,Marketing,High,Male,71,High,2,Sales_Executive,Very_High,Single,5441,8423,0,Yes,22,Outstanding,Very_High,0,11,2,Bad,10,7,1,0
27,No,Travel_Frequently,294,Research_Development,10,College,Life_Sciences,Very_High,Male,32,High,3,Manufacturing_Director,Low,Divorced,8793,4809,1,No,21,Outstanding,High,2,9,4,Good,9,7,1,7
23,Yes,Travel_Frequently,638,Sales,9,Bachelor,Marketing,Very_High,Male,33,High,1,Sales_Representative,Low,Married,1790,26956,1,No,19,Excellent,Low,1,1,3,Good,1,0,1,0
52,No,Travel_Rarely,699,Research_Development,1,Master,Life_Sciences,High,Male,65,Medium,5,Manager,High,Married,19999,5678,0,No,14,Excellent,Low,1,34,5,Better,33,18,11,9
37,No,Travel_Rarely,1189,Sales,3,Bachelor,Life_Sciences,High,Male,87,High,3,Sales_Executive,Very_High,Single,7428,14506,2,No,12,Excellent,Low,0,12,3,Better,5,3,1,3
29,Yes,Travel_Rarely,318,Research_Development,8,Master,Other,Medium,Male,77,Low,1,Laboratory_Technician,Low,Married,2119,4759,1,Yes,11,Excellent,Very_High,0,7,4,Good,7,7,0,7
23,No,Travel_Rarely,373,Research_Development,1,College,Life_Sciences,Very_High,Male,47,High,1,Research_Scientist,High,Married,1223,16901,1,No,22,Outstanding,Very_High,1,1,2,Better,1,0,0,1
41,No,Travel_Rarely,334,Sales,2,Master,Life_Sciences,Very_High,Male,88,High,4,Manager,Medium,Single,16015,15896,1,No,19,Excellent,Medium,0,22,2,Better,22,10,0,4
53,No,Travel_Rarely,1282,Research_Development,5,Bachelor,Other,High,Female,58,High,5,Manager,High,Divorced,19094,10735,4,No,11,Excellent,Very_High,1,26,3,Good,14,13,4,8
38,No,Travel_Frequently,1490,Research_Development,2,College,Life_Sciences,Very_High,Male,42,High,1,Laboratory_Technician,Very_High,Married,1702,12106,1,Yes,23,Outstanding,High,1,1,3,Better,1,0,0,0
36,No,Travel_Rarely,1278,Human_Resources,8,Bachelor,Life_Sciences,Low,Male,77,Medium,1,Human_Resources,Low,Married,2342,8635,0,No,21,Outstanding,High,0,6,3,Better,5,4,0,3
21,No,Travel_Rarely,984,Research_Development,1,Below_College,Technical_Degree,Very_High,Female,70,Medium,1,Research_Scientist,Medium,Single,2070,25326,1,Yes,11,Excellent,High,0,2,6,Best,2,2,2,2
25,No,Travel_Rarely,141,Sales,3,Below_College,Other,High,Male,98,High,2,Sales_Executive,Low,Married,4194,14363,1,Yes,18,Excellent,Very_High,0,5,3,Better,5,3,0,3
36,No,Travel_Rarely,172,Research_Development,4,Master,Life_Sciences,Low,Male,37,Medium,2,Laboratory_Technician,Very_High,Single,5810,22604,1,No,16,Excellent,High,0,10,2,Good,10,4,1,8
34,No,Travel_Frequently,702,Research_Development,16,Master,Life_Sciences,High,Female,100,Medium,1,Research_Scientist,Very_High,Single,2553,8306,1,No,16,Excellent,High,0,6,3,Better,5,2,1,3
30,No,Travel_Rarely,1288,Sales,29,Master,Technical_Degree,High,Male,33,High,3,Sales_Executive,Medium,Married,9250,17799,3,No,12,Excellent,Medium,1,9,3,Better,4,2,1,3
32,No,Travel_Frequently,116,Research_Development,13,Bachelor,Other,High,Female,77,Medium,1,Laboratory_Technician,Medium,Married,2743,7331,1,No,20,Outstanding,High,1,2,2,Better,2,2,2,2
36,Yes,Travel_Rarely,1218,Sales,9,Master,Life_Sciences,High,Male,82,Medium,1,Sales_Representative,Low,Single,3407,6986,7,No,23,Outstanding,Medium,0,10,4,Better,5,3,0,3
29,No,Travel_Rarely,1378,Research_Development,13,College,Other,Very_High,Male,46,Medium,2,Laboratory_Technician,Medium,Married,4025,23679,4,Yes,13,Excellent,Low,1,10,2,Better,4,3,0,3
49,No,Travel_Rarely,722,Research_Development,25,Master,Life_Sciences,High,Female,84,High,1,Laboratory_Technician,Low,Married,3211,22102,1,No,14,Excellent,Very_High,1,10,3,Good,9,6,1,4
48,No,Travel_Rarely,715,Research_Development,1,Bachelor,Life_Sciences,Very_High,Male,76,Medium,5,Research_Director,Very_High,Single,18265,8733,6,No,12,Excellent,High,0,25,3,Best,1,0,0,0
52,Yes,Travel_Rarely,1030,Sales,5,Bachelor,Life_Sciences,Medium,Male,64,High,3,Sales_Executive,Medium,Single,8446,21534,9,Yes,19,Excellent,High,0,10,2,Good,8,7,7,7
41,No,Travel_Frequently,1200,Research_Development,22,Bachelor,Life_Sciences,Very_High,Female,75,High,2,Research_Scientist,Very_High,Divorced,5467,13953,3,Yes,14,Excellent,Low,2,12,4,Good,6,2,3,3
41,No,Travel_Rarely,896,Sales,6,Bachelor,Life_Sciences,Very_High,Female,75,High,3,Manager,Very_High,Single,13591,14674,3,Yes,18,Excellent,High,0,16,3,Better,1,0,0,0
28,No,Travel_Rarely,1423,Research_Development,1,Bachelor,Life_Sciences,Low,Male,72,Medium,1,Research_Scientist,High,Divorced,1563,12530,1,No,14,Excellent,Very_High,1,1,2,Bad,1,0,0,0
35,No,Travel_Rarely,1361,Sales,17,Master,Life_Sciences,High,Male,94,High,2,Sales_Executive,Low,Married,8966,21026,3,Yes,15,Excellent,Very_High,3,15,2,Better,7,7,1,7
50,No,Travel_Rarely,264,Sales,9,Bachelor,Marketing,High,Male,59,High,5,Manager,High,Married,19331,19519,4,Yes,16,Excellent,High,1,27,2,Better,1,0,0,0
38,No,Travel_Rarely,1206,Research_Development,9,College,Life_Sciences,Medium,Male,71,High,1,Research_Scientist,Very_High,Divorced,4771,14293,2,No,19,Excellent,Very_High,2,10,0,Best,5,2,0,3
30,No,Non-Travel,641,Sales,25,College,Technical_Degree,Very_High,Female,85,High,2,Sales_Executive,High,Married,4736,6069,7,Yes,12,Excellent,Medium,1,4,2,Best,2,2,2,2
25,No,Travel_Rarely,583,Sales,4,Below_College,Marketing,High,Male,87,Medium,2,Sales_Executive,Low,Married,4256,18154,1,No,12,Excellent,Low,0,5,1,Best,5,2,0,3
35,Yes,Travel_Frequently,130,Research_Development,25,Master,Life_Sciences,Very_High,Female,96,High,1,Research_Scientist,Medium,Divorced,2022,16612,1,Yes,19,Excellent,Low,1,10,3,Good,10,2,7,8
29,Yes,Travel_Rarely,992,Research_Development,1,Bachelor,Technical_Degree,High,Male,85,High,1,Research_Scientist,High,Single,2058,19757,0,No,14,Excellent,Very_High,0,7,1,Good,6,2,1,5
37,No,Travel_Rarely,290,Research_Development,21,Bachelor,Life_Sciences,Medium,Male,65,Very_High,1,Research_Scientist,Low,Married,3564,22977,1,Yes,12,Excellent,Low,1,8,3,Good,8,7,1,7
32,Yes,Travel_Frequently,238,Research_Development,5,College,Life_Sciences,Low,Female,47,Very_High,1,Research_Scientist,High,Single,2432,15318,3,Yes,14,Excellent,Low,0,8,2,Better,4,1,0,3
26,Yes,Travel_Frequently,342,Research_Development,2,Bachelor,Life_Sciences,Low,Male,57,High,1,Research_Scientist,Low,Married,2042,15346,6,Yes,14,Excellent,Medium,1,6,2,Better,3,2,1,2
29,No,Travel_Frequently,461,Research_Development,1,Bachelor,Life_Sciences,Very_High,Male,70,Very_High,2,Healthcare_Representative,High,Single,6294,23060,8,Yes,12,Excellent,Very_High,0,10,5,Best,3,2,0,2
40,No,Travel_Rarely,448,Research_Development,16,Bachelor,Life_Sciences,High,Female,84,High,3,Manufacturing_Director,Very_High,Single,7945,19948,6,Yes,15,Excellent,Very_High,0,18,2,Good,4,2,3,3
24,Yes,Travel_Rarely,1448,Sales,1,Below_College,Technical_Degree,Low,Female,62,High,1,Sales_Representative,Medium,Single,3202,21972,1,Yes,16,Excellent,Medium,0,6,4,Better,5,3,1,4
20,No,Travel_Rarely,727,Sales,9,Below_College,Life_Sciences,Very_High,Male,54,High,1,Sales_Representative,Low,Single,2728,21082,1,No,11,Excellent,Low,0,2,3,Better,2,2,0,2
30,No,Travel_Rarely,1329,Sales,29,Master,Life_Sciences,High,Male,61,High,2,Sales_Executive,Low,Divorced,4115,13192,8,No,19,Excellent,High,3,8,3,Better,4,3,0,3
40,No,Travel_Rarely,300,Sales,26,Bachelor,Marketing,High,Male,74,High,2,Sales_Executive,Low,Married,8396,22217,1,No,14,Excellent,Medium,1,8,3,Good,7,7,7,5
32,No,Travel_Rarely,371,Sales,19,Bachelor,Life_Sciences,Very_High,Male,80,Low,3,Sales_Executive,High,Married,9610,3840,3,No,13,Excellent,High,1,10,2,Bad,4,3,0,2
34,No,Travel_Rarely,216,Sales,1,Master,Marketing,Medium,Male,75,Very_High,2,Sales_Executive,Very_High,Divorced,9725,12278,0,No,11,Excellent,Very_High,1,16,2,Good,15,1,0,9
25,Yes,Travel_Rarely,867,Sales,19,College,Marketing,High,Male,36,Medium,1,Sales_Representative,Medium,Married,2413,18798,1,Yes,18,Excellent,High,3,1,2,Better,1,0,0,0
60,No,Travel_Rarely,1179,Sales,16,Master,Marketing,Low,Male,84,High,2,Sales_Executive,Low,Single,5405,11924,8,No,14,Excellent,Very_High,0,10,1,Better,2,2,2,2
29,Yes,Travel_Rarely,224,Research_Development,1,Master,Technical_Degree,Low,Male,100,Medium,1,Research_Scientist,Low,Single,2362,7568,6,No,13,Excellent,High,0,11,2,Bad,9,7,0,7
38,No,Travel_Rarely,1261,Research_Development,2,Master,Life_Sciences,Very_High,Male,88,High,2,Manufacturing_Director,High,Married,6553,7259,9,No,14,Excellent,Medium,0,14,3,Better,1,0,0,0
35,No,Travel_Frequently,482,Research_Development,4,Master,Life_Sciences,High,Male,87,High,2,Research_Scientist,High,Single,4249,2690,1,Yes,11,Excellent,Medium,0,9,3,Better,9,6,1,1
26,No,Travel_Rarely,1443,Sales,23,Bachelor,Marketing,High,Female,47,Medium,2,Sales_Executive,Very_High,Married,4157,21436,7,Yes,19,Excellent,High,1,5,2,Good,2,2,0,0
35,No,Travel_Frequently,1182,Sales,11,College,Marketing,Very_High,Male,54,High,2,Sales_Executive,Very_High,Divorced,4968,18500,1,No,11,Excellent,Very_High,1,5,3,Better,5,2,0,2
18,Yes,Travel_Frequently,1306,Sales,5,Bachelor,Marketing,Medium,Male,69,High,1,Sales_Representative,Medium,Single,1878,8059,1,Yes,14,Excellent,Very_High,0,0,3,Better,0,0,0,0
53,No,Travel_Rarely,661,Sales,7,College,Marketing,Low,Female,78,Medium,3,Sales_Executive,Very_High,Married,10934,20715,7,Yes,18,Excellent,Very_High,1,35,3,Better,5,2,0,4
47,No,Travel_Rarely,1001,Research_Development,4,Bachelor,Life_Sciences,High,Female,92,Medium,3,Manufacturing_Director,Medium,Divorced,10333,19271,8,Yes,12,Excellent,High,1,28,4,Better,22,11,14,10
46,No,Non-Travel,849,Sales,26,College,Life_Sciences,Medium,Male,98,Medium,2,Sales_Executive,Medium,Single,7991,25166,8,No,15,Excellent,High,0,6,3,Better,2,2,2,2
26,Yes,Travel_Rarely,471,Research_Development,24,Bachelor,Technical_Degree,High,Male,66,Low,1,Laboratory_Technician,Very_High,Single,2340,23213,1,Yes,18,Excellent,Medium,0,1,3,Bad,1,0,0,0
38,No,Travel_Rarely,1245,Sales,14,Bachelor,Life_Sciences,High,Male,80,High,2,Sales_Executive,Medium,Married,9924,12355,0,No,11,Excellent,Very_High,1,10,3,Better,9,8,7,7
21,Yes,Travel_Rarely,1427,Research_Development,18,Below_College,Other,Very_High,Female,65,High,1,Research_Scientist,Very_High,Single,2693,8870,1,No,19,Excellent,Low,0,1,3,Good,1,0,0,0
56,No,Travel_Rarely,713,Research_Development,8,Bachelor,Life_Sciences,High,Female,67,High,1,Research_Scientist,Low,Divorced,4257,13939,4,Yes,18,Excellent,High,1,19,3,Better,2,2,2,2
30,Yes,Travel_Rarely,740,Sales,1,Bachelor,Life_Sciences,Medium,Male,64,Medium,2,Sales_Executive,Low,Married,9714,5323,1,No,11,Excellent,Very_High,1,10,4,Better,10,8,6,7
35,No,Travel_Rarely,882,Sales,3,Master,Life_Sciences,Very_High,Male,92,High,3,Sales_Executive,Very_High,Divorced,7823,6812,6,No,13,Excellent,Medium,1,12,2,Better,10,9,0,8
47,No,Travel_Rarely,207,Research_Development,9,Master,Life_Sciences,Medium,Female,64,High,1,Laboratory_Technician,High,Single,2105,5411,4,No,12,Excellent,High,0,7,2,Better,2,2,2,0
30,No,Travel_Rarely,852,Sales,10,Bachelor,Marketing,High,Male,72,Medium,2,Sales_Executive,High,Married,6578,2706,1,No,18,Excellent,Low,1,10,3,Better,10,3,1,4
45,Yes,Travel_Frequently,306,Sales,26,Master,Life_Sciences,Low,Female,100,High,2,Sales_Executive,Low,Married,4286,5630,2,No,14,Excellent,Very_High,2,5,4,Better,1,1,0,0
39,No,Travel_Rarely,408,Research_Development,2,Master,Technical_Degree,Very_High,Female,80,Medium,2,Healthcare_Representative,High,Single,4553,20978,1,No,11,Excellent,Low,0,20,4,Better,20,7,11,10
50,No,Travel_Frequently,1115,Research_Development,1,Bachelor,Life_Sciences,Low,Female,73,High,5,Research_Director,Medium,Married,18172,9755,3,Yes,19,Excellent,Low,0,28,1,Good,8,3,0,7
26,No,Travel_Rarely,1167,Sales,5,Bachelor,Other,Very_High,Female,30,Medium,1,Sales_Representative,High,Single,2966,21378,0,No,18,Excellent,Very_High,0,5,2,Better,4,2,0,0
33,No,Non-Travel,722,Sales,17,Bachelor,Life_Sciences,Very_High,Male,38,High,4,Manager,High,Single,17444,20489,1,No,11,Excellent,Very_High,0,10,2,Better,10,8,6,0
32,No,Travel_Frequently,1311,Research_Development,7,Bachelor,Life_Sciences,Medium,Male,100,Very_High,1,Laboratory_Technician,Medium,Married,2794,26062,1,No,20,Outstanding,High,0,5,3,Bad,5,1,0,3
39,No,Travel_Rarely,116,Research_Development,24,Below_College,Life_Sciences,Low,Male,52,High,2,Research_Scientist,Very_High,Single,4108,5340,7,No,13,Excellent,Low,0,18,2,Better,7,7,1,7
32,No,Travel_Rarely,634,Research_Development,5,Master,Other,Medium,Female,35,Very_High,1,Research_Scientist,Very_High,Married,3312,18783,3,No,17,Excellent,Very_High,2,6,3,Better,3,2,0,2
38,No,Travel_Rarely,1333,Research_Development,1,Bachelor,Technical_Degree,Very_High,Female,80,High,3,Research_Director,Low,Married,13582,16292,1,No,13,Excellent,Medium,1,15,3,Better,15,12,5,11
41,No,Travel_Rarely,337,Sales,8,Bachelor,Marketing,High,Female,54,High,2,Sales_Executive,Medium,Married,4393,26841,5,No,21,Outstanding,High,1,14,3,Better,5,4,1,4
33,No,Non-Travel,530,Sales,16,Bachelor,Life_Sciences,High,Female,36,High,2,Sales_Executive,Very_High,Divorced,5368,16130,1,Yes,25,Outstanding,High,1,7,2,Better,6,5,1,2
